666 Satan Manga ITA;https://t.me/+u1qcDkSsMiQ1ZWY8
A Couple of Cuckoos Momentaneo;https://t.me/+J7VTfGvDqoNmZmFk
A Galaxy Next Door Momentaneo;https://t.me/+gzE2lmw5m8k1NmQ0
Abara Manga ITA;https://t.me/+pSvmBKUwhDpiMDY8
Adam to Eve Manga ITA;https://t.me/+Sdrfcsh1ItY0NWIx
After Class Lesson;https://t.me/+FoTw0P4tlc5jYWQ0
After... The Animation;https://t.me/+kC00bx_Mf1AyNjdk
Ai Shimai 2: Futari no Kajitsu;https://t.me/+wM65QrhQDDxmZTFk
Ai Shimai Tsubomi... Kegashite Kudasai;https://t.me/+T3i2DR5_tpc3OTM0
Ai Shimai: Futari no Kajitsu;https://t.me/+evES79hI5DUxMzZk
Ai no Katachi: Ecchi na Onnanoko wa Kirai... Desu ka?;https://t.me/+lGizD29qozdjYWFk
Aibeya The Animation;https://t.me/+Z5xQZc5uxFYxYmE0
Aikagi The Animation;https://t.me/+VM5Ui35cXFYwNTRk
Aisai Nikki;https://t.me/+0xPatcLKENZjZWFk
Aisei Tenshi Love Mary: Akusei Jutai;https://t.me/+NSZ6D58Umes5MWU0
Ajisai no Chiru Koro ni;https://t.me/+YG8z0He0IlIzZjhk
Akane wa Tsumare Somerareru;https://t.me/+DSPJv8CujaliYjRk
Aki Sora: Yume no Naka;https://t.me/+NV4QyD6wMkdmZmNk
Akina to Onsen de H Shiyo!;https://t.me/+FFCwetFORc5iODFk
Aku no Onna Kanbu: Full Moon Night R;https://t.me/+LBR0gmwijjk4OTJk
Aku no Onna Kanbu: Full Moon Night;https://t.me/+GW8M7nFZ3iIxM2Rk
Ali D'argento Manga ITA;https://t.me/+8Uci6nLK6LFkMzY0
Alignment You! You! The Animation;https://t.me/+eMHiZlnz8Bs2OTdk
Allargando The Animation;https://t.me/+5IeDiOF_eillZWJk
Amai Choubatsu: Watashi wa Kanshu Senyou Pet;https://t.me/+7uKA3bvb1pQ5MWI8
Amanee!;https://t.me/+_U9KkwGsggA2YWY0
Anata dake Konbanwa;https://t.me/+CYzM4FUkq1w2YTZk
Ane Chijo Max Heart;https://t.me/+TwTcX2IWdRQzOThk
Ane Haramix;https://t.me/+JXvoh3MNKP5mNzRk
Ane Jiru 2 The Animation: Shirakawa Sanshimai ni Omakase;https://t.me/+rILM55QiYo41ZWVk
Ane Jiru The Animation: Shirakawa Sanshimai ni Omakase;https://t.me/+VUG0PqGLGe83MmZk
Ane Yome Quartet;https://t.me/+qc8x1WXXqZcyZGI0
Anehame: Ore no Hatsukoi ga Jisshi na Wake ga Nai;https://t.me/+N30cD9C8ibk5ZjU0
Aneimo;https://t.me/+5u8PfbXo92EwN2E8
Anejiru The Animation;https://t.me/+FYz5H8YhdE44YTQ0
Aneki no Kounai Kaikinbi;https://t.me/+biYHZaCmte1hYmY0
Angel Blade Punish!;https://t.me/+yqrmPnTC3B00ZDA0
Animeternity;https://t.me/+vPQWvo9YUMxiZTc0
Aniyome wa Ijippari;https://t.me/+H1KOlqvEhs5mNmE8
Aniyome;https://t.me/+aUS_RH96dDI4MGVk
Ano Ko no Kawari ni Suki na Dake;https://t.me/+fh_28n5TsRhiY2Fk
Ao Haru Ride Manga ITA;https://t.me/+_JMMy17lPaw5MDIx
Aozora Kirai no Usotsuki Semiko Manga ITA;https://t.me/+EWQgY66XcXszMTQ0
Arbeit Shiyo!!;https://t.me/+iYPTrXtnRDo0Y2Zk
Asa kara Zusshiri Milk Pot;https://t.me/+rTrIa8YJzwFkNjQ0
Asgaldh: The Distortion Testament;https://t.me/+jAKJrZFbuD4xNzFk
Assasination Classroom Manga ITA;https://t.me/+nwlw6rpXTARlY2Fl
Astro Note Momentaneo;https://t.me/+OfQ1JREWpC5kNjU0
Attack On Titan Riserva 2;https://t.me/+FVEuPoug5iRhOTI0
Attack On Titan Riserva;https://t.me/+yXXFHjFy4BphY2Rk
Attack on Titan ITA Riserva;https://t.me/+kUWQE_8WoxQzZjc0
Attack on Titan ITA üáÆüáπ;https://t.me/+mTjLZNUVUJM3ODRk
Attack on Titan SUB ITA;https://t.me/+hkaAWUA2eY9kYjk0
Baby Love Manga ITA;https://t.me/+xmVFWQBZq8w4OWM0
Backup WA;https://t.me/+AP_t230OIU4zZjI0
Baka na Imouto wo Rikou ni Suru no wa Ore no xx dake na Ken ni Tsuite;https://t.me/+eMZvQc8riAJhNTI0
Bakemonogatari Hentai Iromonogatari;https://t.me/+B68C5HL6v045MzU0
Baku Ane 2: Otouto Ippai Shibocchau zo! The Animation;https://t.me/+7Y4ARu1YUONmZTc0
Baku Ane: Otouto Shibocchau zo! The Animation;https://t.me/+xTSZJ4nIgX04OTdk
Bakuhatsu Sunzen!! Tenshi no Countdown;https://t.me/+lftnl_yEeF9iYmY0
Bakunyuu Oyako;https://t.me/+FtU2LuJb_qg4ZTU0
Bastard Manga ITA;https://t.me/+2h_O8aklSYc1OTE5
Beastars Manga ITA;https://t.me/+jg_ZP8Vyg9k5MWIx
Beat Blades Haruka;https://t.me/+PWbhqBLk9hFkNTk0
Betsu ni Anta no Tame ni Ookiku Natta n ja Nai n Dakara ne!!;https://t.me/+r9a5EN1RnAE1Mzc0
Bible Black Gaiden;https://t.me/+sgM7rJJAVzBkMzU0
Bible Black Only Version;https://t.me/+Pp9pQ0bVSz9hMTQ0
Bible Black: New Testament;https://t.me/+g5GiDMr5pQU4MmY8
Bible Black: Night of the Walpulgiss;https://t.me/+QlZNWGIGFpo5ZWJk
Bijukubo;https://t.me/+0VcOr7Q6Dyo5NGE0
Billy Bat Manga ITA;https://t.me/+RR_m8ppJVkRkNDMy
Binkan Athlete;https://t.me/+tR3NyCYNUg9iMjhk
Bitch Gakuen ga Seijun na Hazu ga Nai!!?;https://t.me/+OdVjlp_sOK4xZjE0
Black Bullet Manga ITA;https://t.me/+zUgajKfgT0o4ZTgx
Black Clover Manga ITA;https://t.me/+3Y5HJsiWwXNmZWQ0
Black Clover Momentaneo 2;https://t.me/+dtxCkF2ayhM2ZDdk
Black Clover Riserva;https://t.me/+3IBI1aZUDhs2MGVk
Black Clover SUB ITA üáÆüáπ;https://t.me/+Modkj39GZaplYjJk
Bloods: Inraku no Ketsuzoku 2;https://t.me/+MhaXn_h_cYYwOGJk
Blue Exorcist Manga ITA;https://t.me/+60myBqembR4yMTM0
Blue Heaven ITA;https://t.me/+tQLabeaCx7Y1Mzc1
Blue Lock Manga ITA;https://t.me/+LBWNbX8mQmI5OGNh
Boku Dake no Hentai Kanojo The Animation;https://t.me/+iUWOqQ0bOOZlMDk0
Boku dake no Hentai Kanojo Motto√¢¬ô¬• The Animation;https://t.me/+vQWPE5NGL885YTg0
Boku no Pico;https://t.me/+QOFwQx361C85ZTA8
Boku to Joi no Shinsatsu Nisshi;https://t.me/+tQ8oWBH1KRdhMThk
Boku to Nurse no Kenshuu Nisshi The Animation;https://t.me/+wfYek9JoUZsxMDk0
Boku to Sensei to Tomodachi no Mama;https://t.me/+XfHlQ__bzoA4ZmFk
Bokura no Sex;https://t.me/+VqQQ_3H6a042ZGRk
Bondage Game;https://t.me/+KBjqzU1tvLdkYjNk
Boruto Momentaneo;https://t.me/+Hk_GO7pHjORjZWE0
Boruto Momentaneoooo;https://t.me/+25xvpziRIFVkMTdk
Boruto RISERVA;https://t.me/+04J1FtVq1pwxNDE0
Boruto Riserva 2;https://t.me/+MN1727Dx1ZQ5NDQ8
Boruto Riserva 3;https://t.me/+igWJKNXe2Qc1M2Vk
Boruto: Naruto Next Generations Manga ITA;https://t.me/+OfY6OxoFaSs4ZDBl
Boy Meets Harem The Animation;https://t.me/+70e9ma9o9PhiZjA0
Bungou Stray Dogs Manga ITA;https://t.me/+Aw5VHs0nGa03MGU0
Bungou Stray Dogs Momentaneo;https://t.me/+it8d16gelpA3NTdk
Buonanotte PunPun Manga ITA;https://t.me/+UICiBFiX2jM4NTUx
Busou Shoujotai: Blade Briders The Animation;https://t.me/+RoBw8d29nm85MzQ0
Bust to Bust: Chichi wa Chichi ni;https://t.me/+9fHUofdgs_VjYTI8
Buta no Gotoki Sanzoku ni Torawarete Shojo wo Ubawareru Kyonyuu Himekishi & Onna Senshi;https://t.me/+vYlTVr6FhgIyNGM8
CBZ Comics;https://t.me/+O4DrrbfHarc0ZDE8
Cafe Junkie;https://t.me/+ZNb0XRcPbSxjMmQ0
Canary wa Kago no Naka;https://t.me/+WVLSLaKrBOszMTc0
Cele Kano;https://t.me/+ZiAWjB97hzpkYmI0
Chainsaw Man SUB ITA üáÆüáπ;https://t.me/+eoHGGFJUe2gyNTA0
Charm Point 1: Sister's Rondo;https://t.me/+GMawAsF4V_o5ZTA0
Cherry & Gal√¢¬Ä¬ôs;https://t.me/+qllFCFoXmis3NWNk
Chicchana Onaka;https://t.me/+R1NClZSSdVc4NTk0
Chichiiro Toiki;https://t.me/+HBpYmwuudNM3MGY0
Chiisana Tsubomi no Sono Oku ni;https://t.me/+VK8vR_f1vtdlMjg0
Chijoku Shinsatsushitsu;https://t.me/+TrxwvYcTtEo5ODVk
Chijoku no Seifuku;https://t.me/+o4_B7EqJ5_1iNmI0
Chikan Densha;https://t.me/+wSsCtKgQbkE2Zjc0
Chikan Monogatari;https://t.me/+awJ21nG5U6EzMWM0
Chikan Shita Joshi*sei to Sonogo, Musabori Au Youna Doero Junai;https://t.me/+JNTiI7jvg1hlZWU0
Chikan no Licence;https://t.me/+k8Lk1GlGu0QxYjM0
Choujin X Manga ITA;https://t.me/+sPTi5mNh2HU1OWQ1
Choukou Tenshi Escalayer;https://t.me/+oMlx4y49hdQxN2Fk
Chu Shite Agechau;https://t.me/+id1xQ_sh5WBkNzk0
Classmate no Okaasan;https://t.me/+uJFQ2Pvto0w2NDc0
Classroom of Elite Momentaneo 2;https://t.me/+JzXVGR4ofRc4ZTk0
Cleavage;https://t.me/+QuGDdNk5Fr8xOGU8
Clover Manga ITA;https://t.me/+UZ_sRa9TQIs3M2E5
Colosseum no Senki: Another Story;https://t.me/+NkwPX0jmzAM4MTRk
Conan 570342;https://t.me/+X9h3OFmqvG00YTVk
Conan Anti Aerei 2;https://t.me/+oSEjQI6uA0Q3YWU0
Conan Riserva 27;https://t.me/+G_nbOFiqusZiYTY8
Conan Riserva 3470328;https://t.me/+LtchS5EQNo5lMjg0
Conan Riserva 3;https://t.me/+KLOuVTqMBoYwNDJk
Conan Riserva 528093;https://t.me/+bJD1xd72eyplY2Y0
Conan Riserva 57420;https://t.me/+KXDbn11MREEyYmY8
Conan Riserva 74209;https://t.me/+f8MofDToar4yOWU0
Conan Riserva 7502;https://t.me/+1Eyee1EEK1Y2MGZk
Conan Riserva Wicked;https://t.me/+9VaQxl3PiRk1NjM0
Conan Riserva20357;https://t.me/+p8y6Cgd2al01N2Jk
Conan Riservone;https://t.me/+OaMuFbh4asw2OGZk
Conan;https://t.me/+p00mKMR0uXFhZGE0
Cortili Del Cuore Manga ITA;https://t.me/+gMBhmq680945MmE0
Cosplay Roshutsu Kenkyuukai;https://t.me/+zJLrlefOJxZlZTc0
Cowboy Bebop Manga ITA;https://t.me/+UGqrMye07fM5NjBk
Creamy Pie;https://t.me/+q9c89nwq3qY1MWRk
Crimson Girls: Chikan Shihai;https://t.me/+EbXnedA2EH43OTE0
Daiakuji: The Xena Buster;https://t.me/+Y3c1vpfJTmthYWE8
Dainiji Ura Nyuugakushiken The Animation;https://t.me/+GCp0szfPUPw4MmRk
Daisuki na Mama;https://t.me/+_Iq2fTIMaKhmYWZk
Dandadan Manga ITA;https://t.me/+nzG6D0_proI4OWFl
Daraku: Onna Kyoushi Hakai;https://t.me/+VeNgsQWfKtMzZDE0
Dark Blue;https://t.me/+FRoJDH0xon8xOGZk
Dark Shell: Ori no Naka no Namameki;https://t.me/+mP7k5VG6hS04ZTM0
Darling In The Franxx Manga ITA;https://t.me/+s7TDVw9g3hxhNmFk
Darling in the FranXX Riserva 5209;https://t.me/+Nfw7Uc5Kx2IyY2M0
Darling;https://t.me/+2a8imdTIKiQ0MDk8
Dead Tube Manga ITA;https://t.me/+lWSVqDyILl80Yzk0
Death Note ITA üáÆüáπ;https://t.me/+WEpKWM5mjQ84OGY0
Death Note Manga ITA;https://t.me/+s3cAylCFVvYxYWJk
Demon Busters: Ecchi na Ecchi na Demon Taiji The Animation;https://t.me/+MbyQUJQ2sdBmMzE8
Demon Slayer Manga ITA;https://t.me/+WFxv48qujro5ODZh
Demon Slayer Momentaneo;https://t.me/+5AxSQfW4NlQ2NWRk
Demon Slayer SUB ITA üáÆüáπ;https://t.me/+HneYkEGVorBkYWNk
Demonion: Gaiden;https://t.me/+VVOqXL_829ViZmE8
Detective Conan RISERVA;https://t.me/+8FBpyfgALwYyNDVk
Detective Conan Riserva 2;https://t.me/+NwJ05_hkDZU1NTU0
Detective Conan Riserva 2;https://t.me/+tFZV0srSfbs4MzI0
Detective Conan Riserva 471948;https://t.me/+1plTtk6eXPU3MmRk
Detective Conan Riserva 5464;https://t.me/+lG7DeYoiBfJkMTE0
Detective Conan Riserva;https://t.me/+CrzQF1bmjnJhNmRk
Detective conan riserva 999;https://t.me/+T25g_MtWl1s1Zjlk
Diabolik Replace;https://t.me/+Oj8GC1tBlAgxNTc0
Discipline Zero;https://t.me/+YPtnVci8Yas4ZjU8
Discipline;https://t.me/+R9WoTKxUEsw2M2M8
Discode: Ijou Seiai;https://t.me/+slxM4qH03As0MmE0
Dokidoki Little Ooyasan;https://t.me/+j_bAtiZAk3E1Mzk0
Dokidoki Oyako Lesson: Oshiete H na Obenkyou;https://t.me/+cFoe8OsQQmcwMzFk
Donburi Kazoku;https://t.me/+4KFHZGocpKhjZWY0
Dorohedoro Manga ITA;https://t.me/+dKpyCe4ZtXNlY2E1
Dr Stone Momentaneo;https://t.me/+S8w3l4GofaA4NDBk
Dr. Stone Manga ITA;https://t.me/+ChKEmGk6lT41MjIy
Dragon Ball GT ITA üáÆüáπ;https://t.me/+JPim03fu0KQxYjlk
Dragon Ball Manga ITA;https://t.me/+1ESobbfZiwxhODY0
Dragon Ball Super Manga ITA;https://t.me/+j6imp6yiFEtiYTVl
Dropout;https://t.me/+6e1t6UfvQBhhMTlk
Dyogrammaton;https://t.me/+HhoUx3e_kJQyMzU0
Ebenbourg no Kaze;https://t.me/+atg1ZcBeADU5ZjI0
Elf Hime Nina;https://t.me/+N6JjiNZNnfY5YWQ0
Elfen Laid;https://t.me/+OIGuUocXDQg1MTg0
Elfina: Yoru e to Urareta Oukoku de... The Animation;https://t.me/+7QhJD_Acpko4MWZk
Enbi;https://t.me/+wjYZVYaT8HNjNzY0
Enbo;https://t.me/+sNNhAlTJ0SJmNzc0
Enjo Kouhai;https://t.me/+zlSV3cDbge00M2Y8
Enkou JK Bitch Gal: Ojisan to Namapako Seikatsu;https://t.me/+zinpWwUVbqE5YjY0
Enyoku;https://t.me/+4aBdNB8ODTVhZmY0
Ero Konbini Tenchou;https://t.me/+aXTcvP2LR6BlMzM8
Ero Manga Mitai na Koi Shiyo;https://t.me/+7dnpYRv13MphNjVk
Ero Zemi: Ecchi ni Yaruki ni ABC;https://t.me/+Mo8T6f9XGYNkNjQ0
Eroge de Subete wa Kaiketsu Dekiru! The Animation;https://t.me/+x2Ro3PrdBpA5NDU0
Eromame;https://t.me/+V_HHlYJAeH0xMGRk
Eroriman;https://t.me/+klRSwNpOV5M3YWM0
Eroriman;https://t.me/+lNuu0S88ynkwNjY0
Etsuraku no Tane The Animation;https://t.me/+hpb9HWz1csY2OWFk
Euphoria;https://t.me/+yhB0gzvjv_RlYzlk
Evangelion Manga ITA;https://t.me/+CwYeyEfd3FY4OTdh
Fairy Tail 100 Years Quest ITA;https://t.me/+okm4Fz0TkpU4MWQ8
Fairy Tail ITA Riserva;https://t.me/+hLh7n_TfXMZlY2Fk
Fairy Tail Momentaneo;https://t.me/+jPzO35ZDaOQxODk0
Fault!!;https://t.me/+4FgfWEAXyYY5ZTE8
Fechikano!;https://t.me/+vZY1uMDxD19hMDY8
Fighting of Ecstacy;https://t.me/+WxlQhKboZDBkMTZk
Fire Force Manga ITA;https://t.me/+7ftoA0B_w9dkNGJi
First Love;https://t.me/+FjVZoEtn7vc2YzU0
Floating Material;https://t.me/+6H4FBaN6Rq1lMDI0
Food Wars! Manga ITA;https://t.me/+YZ40lIvhd8JmOGRk
Four Knights of the Apocalypse Manga ITA;https://t.me/+be0HTEyAGlFiZThk
Frieren Momentaneo;https://t.me/+ojcsjmWSIcNhOTZk
Fruit Basket Manga ITA;https://t.me/+_c0WsXz24gZjYjg0
Fukubiki! Triangle: Futaba wa Atafuta;https://t.me/+WbO7GH9alWoxZjY0
Fukubiki! Triangle: Miharu After;https://t.me/+axA3h7j8TcZmMzY0
Full Metal Panic Manga ITA;https://t.me/+YmHKYp401702NjNk
Furifure 2;https://t.me/+mRk1qZSN9aplNjY0
Furueru Kuchibiru;https://t.me/+0KwL34ITTsIxNWZk
Futabu!!;https://t.me/+DAjeQTYqUhRjZTI8
Futabu!;https://t.me/+PEpW8VBHdZ8yNTE0
Futago no Haha Seihonnou;https://t.me/+bTeJnZvcEcUyOTU0
Futari Ecchi;https://t.me/+_lCiDBLE7OZiMzI0
Futari no Aniyome;https://t.me/+YTlA2tu80P1kMjE0
Fuurinkanzan;https://t.me/+GDVdD1QK9TdjYTlk
Gaki ni Modotte Yarinaoshi!!!;https://t.me/+e0eDcpV7zQo5ZDg0
Gakuen Nanafushigi;https://t.me/+j845DtXtF6RlZGI0
Gakuen Saimin Reido;https://t.me/+vaw6vaPzkwY1Mzlk
Gakuen Shinshoku: XX of the Dead;https://t.me/+Wrq3UlzBbJgzNjY0
Gakuen de Jikan yo Tomare;https://t.me/+lICGWW88zhAyNzNk
Gakuen no Ikenie: Nagusami Mono to Kashita Kyonyuu Furyou Shoujo;https://t.me/+AhJeP2W3bwUxM2U8
Garden;https://t.me/+hkgRKZyey_cyMzJk
Genkaku Cool na Sensei ga Aheboteochi! (ITA);https://t.me/+9_x4HXtK9DEzNjRk
Genkaku Cool na Sensei ga Aheboteochi!;https://t.me/+PGAwoduxgi0yZjM0
Gibo;https://t.me/+snK1X_EDt_IzMjU0
Gintama Momentaneo 2;https://t.me/+gOtAo4YH7kE4OTI0
Gintama Momentaneo;https://t.me/+ws_1QLYSvSJiODg0
Gintama Wicked SubIta;https://t.me/+RJI7EV18eTc4NTQ8
Girls Rush;https://t.me/+Ux3xrOChSPhhZDc8
Gitai Saimin;https://t.me/+UIs9MietMkA2OGE0
Goblin Slayer Manga ITA;https://t.me/+lNjBLzSdYpgwYTlh
Gods‚Äô Game We Play Momentaneo;https://t.me/+X9sL_bC3QOoyMDk8
Gogo no Kouchou: Junai Mellow yori;https://t.me/+Ba2wb8U5yfg4NzU0
Grand blue Manga ITA;https://t.me/+sxsEGCdSHfVhMGNk
Green Eyes: Ane Kyun! yori The Animation;https://t.me/+ZuMLvoxA18MwNDRk
Gyakuten Majo Saiban: Chijo na Majo ni Sabakarechau The Animation;https://t.me/+zYhbZuVM2xFjZDlk
HAZBIN HOTEL ITA üáÆüáπ;https://t.me/+mHCoXIqUMMc4MDBk
HHH Triple Ecchi;https://t.me/+1dGb0cFEhOljODZk
Haitoku no Kyoukai;https://t.me/+sV_1CLa4UbgzYzA8
Hajime No Ippo Manga ITA;https://t.me/+EUS29rrStb0xMzcx
Hajimete no Hitozuma;https://t.me/+TRrHYB9YxGk4ZWU0
Hajimete no Orusuban;https://t.me/+tVGmhd9nhHs3MGE0
Hana no Joshi Announcer: Newscaster Etsuko;https://t.me/+5vG00R94IVhmMDI0
Hana to Hebi The Animation;https://t.me/+42qNOwEfcD1iZjVk
Hare Kon Manga ITA;https://t.me/+VoCSvoIfEDI5N2U8
Harem Cult;https://t.me/+HfJxYU9sW6BmNWFk
Harem Time The Animation;https://t.me/+1EaXRE6vxGdjN2Fk
Haritsuke;https://t.me/+FL0JGdkviQpkOGI0
Haru wo Daite Ita;https://t.me/+mI8LCcXcNBA0MzY8
Harukoi Otome;https://t.me/+YvS4jqnJr1A4Nzk0
Hasande Ageru;https://t.me/+MX2nqcoL09tlOTZk
Hataraku Otona no Renai Jijou The Animation;https://t.me/+XwEFZ1_NOw9mOGNk
Hatsu Inu The Animation 2;https://t.me/+bmd2K5xbL8g1Y2Fk
Hatsu Inu The Animation;https://t.me/+BKDKE7QqpPZiZDI8
Heartful Maman The Animation;https://t.me/+Tx5D97ctIJtkZGY8
Hell's Paradise SUB ITA üáÆüáπ;https://t.me/+pZCsjbRuUQ5kYjA0
Hell's Paradise: Jigokuraku Manga ITA;https://t.me/+GQMIAT4XKW1iZTdk
Helter Skelter: Hakudaku no Mura;https://t.me/+9R8LoZMteFwzMjRk
Hey, Class President!;https://t.me/+nKTmNHUCJ2k5N2Jk
Hi.Me.Go.To;https://t.me/+ycgRW0vmXJExMTk0
Himawari wa Yoru ni Saku;https://t.me/+EDTTtxzO4YQ1Mzc0
Hime Dorei;https://t.me/+WcV5mENSanBjOTU8
Himekishi Angelica;https://t.me/+gu6hBJt3yzMzZDU0
Himekishi Lilia;https://t.me/+oumA70nODnphZGRk
Himesama Gentei!;https://t.me/+rqHn5dFGYec3NzZk
Himitsu no Kichi;https://t.me/+D9Lbk7puHnFiZDk8
Hinagiku Virgin Lost Club e Youkoso;https://t.me/+KVAJifbZOFlmZDNk
Hishoka Drop;https://t.me/+x2RaDE25s8w1ZjA0
Hitou Meguri Kakure Yu;https://t.me/+YWosPY7CQUozNGQ0
Hitou Meguri The Animation;https://t.me/+yZxjvr5gwhU3MDU0
Hitozuma Life: One Time Gal;https://t.me/+F54IxXl1shc5Mjg0
Hitozuma Ryoujoku Sankanbi;https://t.me/+toaqRZ7wnpw3MWI0
Homunculus Manga ITA;https://t.me/+I6pDxff53FQyMmM9
Honoo no Haramase Motto!;https://t.me/+jfFwel16VZ05MmJk
Honoo no Haramase Tenkousei;https://t.me/+Cl0Qd7YQQAg2MWVk
Horimiya ITA;https://t.me/+BDpptrQcAr1kYjBk
Hotaruko;https://t.me/+RXX1bSChriUzOTE0
Houkago Initiation;https://t.me/+eKCyxktuVEhlODNk
Houkago Nyannyan;https://t.me/+ZXpVIO3vhj44MmY0
Houseki no Kuni Manga ITA;https://t.me/+yjZxgwYmcmsyMGNh
Hunter x Hunter Manga ITA;https://t.me/+tE9TZs7D3PRkOTg0
Hunter x Hunter SUB ITA üáÆüáπ;https://t.me/+tOlTHAPQJ69iMTI0
Hyakki;https://t.me/+0VEc1ibTHbQyNTc0
Hyakkiya Tantei Jimusho: Hyakkiya Hikari no Youkai Jikenbo;https://t.me/+iyEmPerqjH83Y2Q0
Hyoudou Ibuki;https://t.me/+qQ3dplvUj6ZkMmU0
Ichigo Chocola Flavor;https://t.me/+sZZ3IpOmrc4zMjg8
Idol√¢¬ò¬ÜSister;https://t.me/+1AvBI9eRbFo3ZmFk
Ienai Koto The Animation;https://t.me/+pbd8uq1AyZhkMTc0
Iinari! Saimin Kanojo;https://t.me/+kneEQS_oflA5N2U0
Ijirare: Fukushuu Saimin;https://t.me/+UyB9trvaVAphNTY0
Ijou Chitai: Jikken Dorei;https://t.me/+hNpTPAkLHfc0OWRk
Ikenai Koto The Animation;https://t.me/+TGKw0U95quliZWQ0
Ikkyuu Nyuukon;https://t.me/+FhmAfiLpiIg2YzVk
Ikoku Irokoi Romantan;https://t.me/+FkVQ5G6fr2Q4MWU0
Ikoku na Retro;https://t.me/+jNMsWRZWL5o3YzM0
Ikusa Otome Valkyrie 2;https://t.me/+yU_sNuKTSeE3Mzdk
Ikusa Otome Valkyrie G;https://t.me/+GuOmcxg_WWdiZWZk
Ikusa Otome Valkyrie Shinshou;https://t.me/+Rbizv4n5czxjNTU0
Ikusa Otome Valkyrie;https://t.me/+IA7Zb1upoB4wMTM0
Il Ragazzo e l'Airone SUB ITA üáÆüáπ;https://t.me/+F71A9a34zkcwNGI8
Il detective bambino;https://t.me/+uLGldoYTtJEzYjM8
Imakara Atashi......;https://t.me/+q0D58Jz09ndkN2Q0
Imako System;https://t.me/+UaOwsSkXpbNiYzg0
Imouto Bitch ni Shiboraretai;https://t.me/+iYxnYsQZbvk1ODM0
Imouto Paradise! 2;https://t.me/+Od3g63Jl25wxNTQ0
Imouto Paradise! 3;https://t.me/+jiAAXI83JlBjMTZk
Imouto Paradise!;https://t.me/+nlLvcKRv4G0yMDU0
Imouto de Ikou!;https://t.me/+qaxoVM4NgJ1lMmY0
Imouto to Sono Yuujin ga Ero Sugite Ore no Kokan ga Yabai;https://t.me/+Z2DWThnEB9UyNzVk
Implicity;https://t.me/+Bx3wWeACKE42ZjFk
In no Houteishiki;https://t.me/+NFozS4Brk1o5Y2Jk
Inbaku Gakuen;https://t.me/+GBlTPjQpYxtmZWY0
Inbo;https://t.me/+r5tmBKxAHlU1ZDc8
Inda no Himekishi Janne;https://t.me/+wYej7f_OB21lZmY0
Injutsu no Yakata The Animation;https://t.me/+dJirTXS7UqI5NWQ0
Injuu Gakuen EX;https://t.me/+ayaue2YNNCE0ZjY0
Inko;https://t.me/+UpqVvyYqxmM1ZTY8
Inmou;https://t.me/+smRl2016Ae0zMWU0
Innocent Blue;https://t.me/+S1schvmavcJkYWJk
Innocent: Memories of a Girl;https://t.me/+Gly3vtCz_RE2ZWI8
Inyouchuu Etsu;https://t.me/+nuCyfmPBhHthMGM0
Inyouchuu;https://t.me/+WTXlB05agWk0MGE8
Isaku;https://t.me/+DvPUa2IIRgQ3YmE8
Isekai Harem Monogatari;https://t.me/+uqtRrKxHQQVkNzE0
Issho ni H Shiyo;https://t.me/+I1MmC8QOsJw4MWY0
Itadaki! Seieki√¢¬ô¬• Special;https://t.me/+A4N46OOP1100MmI0
Itadaki! Seieki√¢¬ô¬•;https://t.me/+HDyowRerMy1jMGI0
Itazura The Animation;https://t.me/+sdVFfhVdGfk3NGVk
Iyashite Agerun Saiyuuki;https://t.me/+HU9teddwP35mYTY8
I√¢¬ò¬ÜCan;https://t.me/+0Afbr12brXM2ZjE0
JK (ITA) Momentaneo;https://t.me/+cf0JXe25Gu40MWU0
JK Fuuzoku Gakuensai;https://t.me/+BCbofp7n7Fs0Mjhk
JK to Ero Giin Sensei;https://t.me/+R4u9hINRlP81ODU8
JK to Ero Konbini Tenchou;https://t.me/+zcirzPH1ot1iZDk0
JK to Inkou Kyoushi 4;https://t.me/+2bJh4dbJj644OTA0
JK to Orc Heidan: Aku Buta Oni ni Ryougyaku Sareta Seijo Gakuen;https://t.me/+OLUvGtNbqVo0MTI0
Jashin Shoukan: Inran Kyonyuu Oyako Ikenie Gishiki;https://t.me/+InC6pFYl358xMTRk
Jewelry The Animation;https://t.me/+qX91u1HaCH45OTRk
Jiburiru: Second Coming;https://t.me/+QGrnXVwoBks1YTY0
Jimihen!!: Jimiko wo Kaechau Jun Isei Kouyuu;https://t.me/+CFXfEFrKLbxkZDZk
Jinkou Shoujo: Henshin Sex Android;https://t.me/+YkG5qakr7mY5YWY0
Jitaku Keibiin (2019);https://t.me/+erw_0X73nUljMWNk
Jitaku Keibiin 2;https://t.me/+Vv0BL692x3M4NmFk
Jitaku Keibiin;https://t.me/+vvRBh6kwNEJhZWRk
Jojo Manga ITA;https://t.me/+zG55ImRyASIwZWU0
Jokei Kazoku: Inbou;https://t.me/+NOBat1wL_0EwMmRk
Joshi Luck!;https://t.me/+UIVC7pjPQGtmMzQ0
Joshibu ni Koi! Manga ITA;https://t.me/+j9K_DXx2oOEyM2Rk
Joshikousei no Koshitsuki;https://t.me/+BI1lk_Qfcdc3OGU8
Ju;https://t.me/+2gne99Pa_QhjMjlk
Jujutsu Kaisen ITA üáÆüáπ;https://t.me/+VICJ2eCzNTBkYjM8
Jujutsu Kaisen Manga ITA;https://t.me/+R6weCpug4LEwMzZh
Jujutsu Kaisen RISERVA;https://t.me/+K1DoPWVFlSQ3N2Jk
Jujutsu Kaisen Riserva 2;https://t.me/+BMyaTGsaKIQ2NGU8
Jujutsu Kaisen SUB ITA üáÆüáπ;https://t.me/+9vJ13SYCxl1mYjg0
Jujutsu Kaisen Stagione 2 Sub ITA üáÆüáπ;https://t.me/+EOsCJitrMNcwMmZk
Jukujo Shigan;https://t.me/+NJoI4uNXmO82ZTA0
Junjou Shoujo Et Cetera;https://t.me/+sfzlXr3jYiU5N2E0
Juujika no Rokunin Manga ITA;https://t.me/+iw1QitzUocdmZjBh
Kaede to Suzu;https://t.me/+AwSPVK6TSK5mMzY0
Kafun Shoujo Chuuihou! The Animation;https://t.me/+x62r165LphQxYzM0
Kagaku na Yatsura;https://t.me/+xiS8nS1SwhkyMzVk
Kage;https://t.me/+abOWMrUoAjxkNjU8
Kageki Shoujo Manga ITA;https://t.me/+rlBDLEAPYIM5ODM0
Kaiju No. 8 Manga ITA;https://t.me/+og5XG2KktclhNzMx
Kakushi Dere;https://t.me/+WReEp5iJdQhlODRk
KamiKatsu Momentaneo;https://t.me/+Q8fT7Rz75vIyMjk0
Kangoku Senkan;https://t.me/+VVZZdOEo5Zs1MWFk
Kangoku: Injoku no Jikkentou;https://t.me/+050x5Jn7JvAyYzg0
Kanojo ga Mimai ni Konai Wake;https://t.me/+c1YYArcnZ1thOTE0
Kanojo ga Yatsu ni Dakareta Hi;https://t.me/+G7Y_lr5iP79mOTZk
Kanojo wa Dare to demo Sex Suru.;https://t.me/+xazjcxJCYgtkMGNk
Kanojo x Kanojo x Kanojo: Sanshimai to no DokiDoki Kyoudou Seikatsu;https://t.me/+dApBAXWabnNhMDc0
Kanpeki Ojousama no Watakushi ga Dogeza de Mazo Ochisuru Choroin na Wakenai desu wa!;https://t.me/+wKTNkJjydPEwNzk8
Kansen 2: Inzai Toshi;https://t.me/+6mAqM4m_rRM3NDBk
Kansen 3: Shuto Houkai;https://t.me/+f2iXpCsn7uwxNWJk
Kansen 5: The Daybreak;https://t.me/+HIdOzQGoh1Y0YmY0
Kansen Sodom;https://t.me/+s3OCWxTPm4s1ZTlk
Kansen: Ball Buster The Animation;https://t.me/+2CR_rJOICTs5NzM0
Kao no nai Tsuki;https://t.me/+bLI2dhjWu2NkMDE0
Kara no Shoujo;https://t.me/+pXbcbGZofc00YTg0
Kazama Mana;https://t.me/+VlFw0Vyz0iYzOGFk
Kazoku: Haha to Shimai no Kyousei;https://t.me/+qtYH8XUYqNg3Mjc0
Kemono Jihen Sub ITA üáÆüáπ;https://t.me/+6eGQq_nSqnRjZDU0
Kichiku: Haha Shimai Choukyou Nikki;https://t.me/+aWF6U6UjVIlkZjY0
Kijoku: Princess Double Kari;https://t.me/+Lwlt4Rn0SiJlNTQ0
Kime Koi!;https://t.me/+IJr7GOheZ7lmY2M0
Kimi ga Suki. The Animation;https://t.me/+mzQd6rn2_ss4Yzc0
Kimi no Mana wa Rina Witch;https://t.me/+LqVbmcSogDMyZjY8
Kimi wa Yasashiku Netorareru;https://t.me/+CbMScPLIKvUzM2I0
Kindan no Byoutou The Animation;https://t.me/+bIOhHvqfYTVkZWJk
Kininaru Roommate;https://t.me/+c7VgCWVZv0djYzZk
Kirepapa;https://t.me/+RfW8iHGJlx8wOTc0
Kiriya Hakushakuke no Roku Shimai;https://t.me/+kJVhv7fexNkwZGQ8
Kisaku Spirit;https://t.me/+lvx1fp50UR5hMDI8
Kisaku;https://t.me/+34z4es03AO41ZGFk
Knight of Erin;https://t.me/+6vh4NmNUXEJlYTBk
Kohakuiro no Hunter;https://t.me/+hxq3h8rvCqQyNDY0
Koi Maguwai;https://t.me/+e0WevSeyCqNmMjRk
Koi to Yobu ni wa Kimochi Warui;https://t.me/+r_OZSiT73SpjOTg0
Koiito Kinenbi The Animation;https://t.me/+3WpVaX3LMWQ3NThk
Koikishi Purely Kiss The Animation;https://t.me/+xTmRuUo9ht5lNzdk
Koinaka;https://t.me/+dleCuWYxgBFkYWFk
Kojin Taxi;https://t.me/+ya0GhwcHCYo3OWQ8
Komi Can‚Äôt Communicate Manga ITA;https://t.me/+mZHHH94lzLo1OGZi
Konbini Shoujo Z;https://t.me/+JEenecBgHLIwMGVk
Konna ni Yasashiku Sareta no;https://t.me/+pYefGavueCc5M2Zk
Kono Kaisha... Nanika Okashii;https://t.me/+WpgcSPwZa4xiYjBk
Korashime;https://t.me/+HfkW2ARig781ODVk
Kotowari: Kimi no Kokoro no Koboreta Kakera;https://t.me/+hNO0lmC15vtiZDhk
Koutetsu no Majo Annerose;https://t.me/+Pf50M49qUaUxZjU0
Kowaku no Toki;https://t.me/+UT8RaEw93Ig1MmI0
Kowaremono The Animation;https://t.me/+SyK5biVqnXsxNDlk
Kowaremono;https://t.me/+rce1DGmhYfA3YjNk
Kunoichi Botan;https://t.me/+LGeCEzgTp2hhNmE0
Kuro Ai: Hitoyozumakan Inkou Rannyuuroku;https://t.me/+wYZ2SLaPbL80MGNk
Kuro Gal ni Natta kara Shinyuu to Shitemita.;https://t.me/+AVZPu6Xe9dw2MWQ0
Kuro no Danshou;https://t.me/+S2arwcMIMbc0ZjNk
Kuro no Kyoushitsu;https://t.me/+Y5XK3c_6TbA3ZmY0
Kuroinu 2;https://t.me/+rbhuQOQ5XrY2ZmFk
Kuroinu;https://t.me/+yFhPb4FwQps2MDM0
Kuroko no Basket Manga ITA;https://t.me/+BPyFEXN0W_82OGI0
Kutsujoku 2;https://t.me/+U7WooCPAvJM3YjZk
Kutsujoku;https://t.me/+gqCnFG3EXzJlOGQ8
Kyojinzoku no Hanayome;https://t.me/+ABoFkT9A8YkyOTc0
Kyonyuu Daikazoku Saimin;https://t.me/+rEpuI6gHP2YwYzdk
Kyonyuu Dosukebe Gakuen;https://t.me/+W0TQsJENaeBhMWU0
Kyonyuu Elf Oyako Saimin;https://t.me/+SfZVxoyubUw3M2E0
Kyonyuu Fantasy;https://t.me/+etUpNcpeo9Y0ZTE0
Kyonyuu Hitozuma Onna Kyoushi Saimin;https://t.me/+OxN6MKtoC7c2NGQ0
Kyonyuu JK ga Ojisan Chinpo to Jupo Jupo Iyarashii Sex Shitemasu.;https://t.me/+skIsQ0IYdwo0ZTM0
Kyonyuu Kazoku Saimin;https://t.me/+gJxXl3OfH3I1ZWI0
Kyonyuu Princess Saimin;https://t.me/+o6UxmO_ozbE5Mzg0
Kyonyuu Reijou MC Gakuen;https://t.me/+eI6RWhaLp01iOGE0
Kyonyuu Try!: Tanki Shuuchuu Chichi Momi Lesson;https://t.me/+QnhDIiW45Xk2MWNk
Kyuuketsuki;https://t.me/+CRCW4Z2CqAsyZmI0
L'indistruttibile Robot Trider G7;https://t.me/+vf0XL3ydDu4wN2I0
La Forma della Voce Manga ITA;https://t.me/+zart_tlVq35iNzhl
Lady Snowblood Manga ITA;https://t.me/+D5nhEHX491E5MTg0
Last Waltz: Hakudaku Mamire no Natsu Gasshuku;https://t.me/+NXdpFYMg2y01Y2Rk
Lesbian Byoutou;https://t.me/+cyiO5Wpqg18wY2U8
Lilitales;https://t.me/+YNNDyD6TAG05NmZk
Lingeries;https://t.me/+BN6gvpma0VI1NjE0
Little Monica Monogatari;https://t.me/+TbcglY66KCY3MDc0
Look Back ITA;https://t.me/+Lhag_FG743pmYjg1
Love 2 Quad;https://t.me/+X7gnuWfbjGllZjlk
Love Bitch: Yasashii Onna;https://t.me/+crSkvXDWm7ZkNmY0
Love Colon;https://t.me/+F4K7W7JHrR5mYTg0
Love Selection The Animation;https://t.me/+MfHvSiQVwAtjYWRk
Lovely Day;https://t.me/+G9lAbE4AiK9mNDg0
Lovely x Cation The Animation;https://t.me/+E0WvDWaKz0I0M2M0
Lovely √¢¬ô¬°;https://t.me/+XEcQViY0FJA2YjBk
L‚ÄôAttacco Dei Giganti ITA üáÆüáπ;https://t.me/+u9V8BnnFRDoxYTk8
L‚ÄôImmortale Manga ITA;https://t.me/+F1IUXsflHnwyNGQy
M Ogui: Last Order;https://t.me/+CMA4hS0wS7oyODU0
MHA (ITA) Momentaneo;https://t.me/+PxLv1cmuOIkzZTFk
MOMENTANEO VINLAND;https://t.me/+pT_21_BMYo05ZTg0
Ma ga Ochiru Yoru;https://t.me/+dS6Zw044dvtiNTFk
Machi Gurumi no Wana: Hakudaku ni Mamireta Shitai;https://t.me/+c_7wS4PPMgVlMjY0
Mahou Shoujo Elena;https://t.me/+zFLYB1fsGIw2YmQ8
Mahou Shoujo Isuka;https://t.me/+vLwQBR0mScNkMzY0
Mahou Shoujo Sae;https://t.me/+4DqYxYNwN40xY2Vk
Maid Ane;https://t.me/+s7FMktaaI9ViODdk
Maid in Heaven SuperS;https://t.me/+fpADh6pHdQZjNzI0
Majuu Jouka Shoujo Utea;https://t.me/+MDZlhAjJGaBlZjFk
Maken no Hime wa Ero Ero Desu;https://t.me/+4gbGJ7is0lE5MDM8
Mama Puri!?;https://t.me/+DsEJq5ni5LU3Y2Zk
Mama x Holic: Miwaku no Mama to Amaama Kankei;https://t.me/+gzxpGlhksd1kZDM0
Mamahaha;https://t.me/+2DE5cTkdDTg3MmI8
Maou Evelogia ni Mi wo Sasage yo;https://t.me/+j4Tme9fxv2BlZjM0
Maple Colors;https://t.me/+wcL6g6C4lj4xMjFk
Maro no Kanja wa Gatenkei;https://t.me/+CRBP0Ihoq49iODE0
Marshmallow√¢¬ò¬ÖImouto√¢¬ò¬ÖSuccubus√¢¬ò;https://t.me/+qtKwV32PPiw3NzNk
Masamune kun momentaneo;https://t.me/+PVLijjz48hdmNWI0
Mashle Manga ITA;https://t.me/+ZC3vp8hqxPhjNmI0
Mashle SUB ITA üáÆüáπ;https://t.me/+1PlbGoOF6J5iOGJk
Mashou no Nie 3;https://t.me/+wAC4Co4i1x9lNmI0
Master Piece The Animation;https://t.me/+4_Fx8EGKyj1hNGFk
Mayoiga no Oneesan The Animation;https://t.me/+itKgmjf2Bl82M2I0
Medaka Box Manga ITA;https://t.me/+B4EP5jU6ueNmNzc0
Megami Kyouju;https://t.me/+VsRA833GfyQ4YjM0
Megane no Megami;https://t.me/+VvePjWu0FfgyODU0
Mejoku;https://t.me/+HFcURWsLbWs0YTA0
Meltys Quest;https://t.me/+d9m46FV67HhjNWI0
Memories of Emanon Manga ITA;https://t.me/+b4vjQkOq41E4Mzhk
Menhera Ayuri no Yamanai Onedari: Headphone wa Hazusenai;https://t.me/+uxb9iij3ejBjZmM8
Menkui!;https://t.me/+_UUtGttjVkYxMjE0
Mesu Kyoushi 4: Kegasareta Kyoudan;https://t.me/+aJkbFXbOJjY0MTlk
Mesu Nochi Torare;https://t.me/+o7R2JjAZjN44ZTE0
Mesu Saga: Persona;https://t.me/+eRUDRwEhzvxlNTBk
Metallic Rouge Momentaneo;https://t.me/+cxf8afemvuA3ZTdk
Mezzo Forte;https://t.me/+kIAKxiU_nlk3MTA0
Miboujin Nikki: Akogare no Ano Hito to Hitotsu Yane no Shita;https://t.me/+bxq6fyS5hspmYmI0
Mieruko Chan ITA üáÆüáπ;https://t.me/+a9z53uAGMqw1YWJk
Mikagura Tanteidan;https://t.me/+mRgs2xWTCWM0ZmY0
Milk Money;https://t.me/+L7oY9rAT9LlhNGNk
Misuzu: Ikenai Koto;https://t.me/+dIGLvCZvzxxiYmE0
Mizugi Kanojo The Animation;https://t.me/+Zzhd85y_Hpc2OTVk
Moke Moke Taishou Dendo Musume Arisa;https://t.me/+25YAPnhYfkhjOWE0
Momentaneo Bocchi The Rock;https://t.me/+7xdbhmN4L645YjU8
Momentaneo Classroom of the Elite;https://t.me/+GMgbRrn43Xg3YWFk
Momentaneo Horimiya Sub Ita;https://t.me/+3Eg1F_0T1EYyYmM0
Momentaneo Mashle Sub Ita;https://t.me/+MpFth_bxVnM3ODhk
Momentaneo Spy x Family SUB;https://t.me/+vOKGY7PYhi9mNWQ0
Momentaneo The Ancient Magus Pride Sub Ita;https://t.me/+RTCuKyFQexhlODE0
Momentaneo The Lucifer and Biscuit Hammer;https://t.me/+cYlAzD8UJoRlMzU8
Momentaneo Trigun Stampede;https://t.me/+rgC1jemzYPYwM2Q0
Momento Demon Slayer;https://t.me/+OEc9WkAFywg4OGU0
Momoiro Bouenkyou Anime Edition;https://t.me/+B1Iw0YWvTVQ1OWNk
Momoiro Milk;https://t.me/+3jIM9AN4sCM0MTlk
Monmusu Quest!;https://t.me/+qyjf7RsBqlAxOTBk
Monster Manga ITA;https://t.me/+4NHw7fKY2682Mzg1
Mou Hasamazu ni wa Irarenai√¢¬ô¬•: Hoshi ni Onegai shitara Konnani Okkiku Nacchatta!;https://t.me/+ZiRaRPCnELpjY2I0
Mouryou no Nie;https://t.me/+EI3zGhcrxvY5Y2E0
Mrs. Junkie;https://t.me/+nwu8Gqmr7X0yN2Q0
Muchi Muchi Kyousei Seichouchuu!!!;https://t.me/+QROCvDNi_tM3YmI8
Mugen no Kyoukai;https://t.me/+AwiwnRr3XQdmYWE0
Mushoku Tensei Manga ITA;https://t.me/+sJskcLed5FpmNzli
Muttsuri Dosukebe Tsuyu Gibo Shimai no Honshitsu Minuite Sex Sanmai;https://t.me/+8vQ2dkHRAGowNTI0
My Big and Horny Sisters;https://t.me/+VZTpqsmg2t0wYTI0
My Hero Academia ITA üáÆüáπ;https://t.me/+Pr332SEvABgxMzZk
My Hero Academia Manga ITA;https://t.me/+AZVKrbslui4zNWJh
My Hero Academia Momentaneo;https://t.me/+PSjFO4aFY2g2YThk
My Hero Academia Riserva 2;https://t.me/+ElRzQjWY66s1MGFk
My Hero Academia momentaneo;https://t.me/+y5oGPyCQLd1mOTk0
My Instant Death Ability is So Overpowered, No One in This Other World Stands a Chance Against Me!;https://t.me/+hjRjMqL4UBBmNGE8
Naedoko Demon's Ground;https://t.me/+y5NkknLz5BcwNDk0
Nama Lo Re: Furachimono The Animation;https://t.me/+GLUqDyCLjPExZWE0
Nama Lo Re: Namakemono The Animation;https://t.me/+Dz8HZwC2wDkyN2Rk
Nana Manga ITA;https://t.me/+EmYnyad1OLg3NzAx
Nanase Ren;https://t.me/+PNPWv1_6DpAzNjJk
Nariyuki: Papakatsu Girls!! The Animation;https://t.me/+MsarpYIuDXIzOGRk
Naruto DUB RISERVA;https://t.me/+8ddxpxf9aPNiYWJk
Naruto ITA Momentaneo 2;https://t.me/+CTC1HFVLYlFlMGM0
Naruto ITA Momentaneo;https://t.me/+lWT83bFsxZIzNmI0
Naruto Momentaneo 2;https://t.me/+lADG2PYeHCY5OWI0
Naruto Momentaneo;https://t.me/+HwtYLQ1nKGA0OWRk
Naruto SUB RISERVA;https://t.me/+kwSnHBsapDFkMWE0
Naruto Shippuden (ITA) Riserva;https://t.me/+JdIZueh_DYlhMWRk
Naruto Shippuden DUB RISERVA;https://t.me/+BfwW0RnfMbc5ZjQ0
Naruto Shippuden ITA Momentaneo 2;https://t.me/+qV7BRJ7aXZk5MTI0
Naruto Shippuden ITA Momentaneo;https://t.me/+_ZkYdvk9peI5NzQ0
Naruto Shippuden ITA Momentaneo;https://t.me/+k4cUWIQkbdwxNjhk
Naruto Shippuden Momentaneo 3;https://t.me/+aaFBeuAxhGU4M2E0
Naruto Shippuden Momentaneo;https://t.me/+NIquLK_ko74wOWI0
Naruto Shippuden Momentaneo;https://t.me/+wCh9C1hPnJg0ZWU0
Naruto Shippuden SUB RISERVA;https://t.me/+aJowpy4dm2NiOTU0
Natsu ga Owaru made The Animation;https://t.me/+B7gkMm3VN51hNTY0
Natsuyasumi.;https://t.me/+1eI58rxck3VlMzRk
Natural: Another;https://t.me/+0WBYDaSAxUthYmM0
Nee Summer!;https://t.me/+gkMrkDMrSuU5N2U0
NeuN Manga ITA;https://t.me/+Ec68jcYmZtpkOGZl
NieR:Automata Ver1.1a SUB ITA üáÆüáπ;https://t.me/+yl20j1XIOa5hYzc0
Ninja Kamui Momentaneo 2;https://t.me/+a99XWYA3iOY4ZGU0
Ninja Kamui Momentaneo;https://t.me/+T07DR1f03t44NWY0
Nisekoi Manga ITA;https://t.me/+Yd_A62CbyU4wMmI0
Okaeri Alice Manga ITA;https://t.me/+gue1h5x4WTQzYWFi
One Piece ITA Riserva 10;https://t.me/+JOgf2AVXYedlYmRk
One Piece ITA Riserva 1;https://t.me/+NZjVZOeN9jBjNzA0
One Piece ITA Riserva 2;https://t.me/+CacWhmvu1ps5ZmZk
One Piece ITA Riserva 3;https://t.me/+9TARsssK6pM2MWE8
One Piece ITA Riserva 4;https://t.me/+2bNh_bSuNmUzZjRk
One Piece ITA Riserva;https://t.me/+t_RJCxCLOOY5MGRk
One Piece ITA üáÆüáπ;https://t.me/+8hT1C2x7OjlmNDFh
One Piece ITA üáÆüáπ;https://t.me/+KvOHTVWW1LMwMDA0
One Piece Ita Riserva 9;https://t.me/+HWxlrAKsWqkxZDFk
One Piece Manga ITA;https://t.me/+6cwYLGkwRSkzODgx
One Piece Riserva 09452;https://t.me/+HhgFRB9fkJk5NTQ0
One Piece Riserva 382'94;https://t.me/+mMW9kMsU_XBhOGJk
One Piece Riserva 4;https://t.me/+39NrtZHJp5lhMWI8
One Piece Riserva 4;https://t.me/+czeCtBFzGrJiZWM8
One Piece Riserva 54092;https://t.me/+YRivWuajMPA4MDk0
One Piece Riserva 58;https://t.me/+R9FGgsW48YNiNjg0
One Piece Riserva 5;https://t.me/+DIwva61bKn84MDhk
One Piece Riserva 6;https://t.me/+OjTP2ekATtNmMzNk
One Piece Riserva 74085;https://t.me/+ng4FR5NEzSw2Y2Zk
One Piece Riserva 7;https://t.me/+7cQBCtnUTWNjZWY0
One Piece Riserva 7;https://t.me/+FE3x_IZiRBVmZjdk
One Piece SUB ITA üáÆüáπ;https://t.me/+PSWbhUuWJnQ2MTA0
One Piece SUB ITA üáÆüáπ;https://t.me/+xBNOLRlK3bxlNWE8
One Piece: in capitoli;https://t.me/+rwz8dz3Af1o5ODZk
One Piece;https://t.me/+WOOel7yz_wZiYzc0
One Punch Man ITA üáÆüáπ;https://t.me/+4o3v0gYxdyEzNGE0
One Punch Man Manga ITA;https://t.me/+ns8oAs_iKPw3Yjc1
One piece ita riserva 7491;https://t.me/+V6EdXSLwITc3MDM0
Oshi No Ko Manga ITA;https://t.me/+cBdquyAoFEk3OTll
Otaku ni Yasashii Gal toka, Kyonyuu no Osananajimi toka;https://t.me/+MM5FAj6BEN1hOWJk
Out Manga ITA;https://t.me/+Omm2B9_9tO4yMDVh
PLATINUM END ITA üáÆüáπ;https://t.me/+YdtsOYWxhk5mYjg8
Pandora Hearts Manga ITA;https://t.me/+9R8mtwpY9lhmYjBk
Papa Katsu;https://t.me/+o8IiBYKpXP5kYzM0
Prison School Manga ITA;https://t.me/+h1arL5T6VYJmYjM0
Psyren Manga ITA;https://t.me/+Qn49D7TP5yJiZDUx
Rakudai Kishi no Cavalry Manga ITA;https://t.me/+LAIOUrRmGzs4OWE0
Record of Ragnarok Manga ITA;https://t.me/+HbyQbZrP2aE4OTgx
Reiraku Manga ITA;https://t.me/+JXTXqJi9XucyYjA8
Rent a Girlfriend Manga ITA;https://t.me/+qJ7ZTMosaBpiNGMy
Rent a Girlfriend Momentaneo;https://t.me/+vu7e0yNJPqU0YzZk
Rurouni Kenshin (2023) RISERVA;https://t.me/+4AjO56Qm86JjNmE0
SHY Manga ITA;https://t.me/+JYabWPUPTqwwOWM1
Sailor Moon Manga ITA;https://t.me/+lIPq1LU6Po1mNzM1
Sakamoto Days ITA;https://t.me/+2RVbN_Z_zEo0NTc1
Samurai Deeper Kyo Manga ITA;https://t.me/+NcFpcakdzRplYWI8
Senpai ga Uzai Kouhai no Hanashi ITA üáÆüáπ;https://t.me/+cHDsl4VF7aVkOTI0
Seraph of The End Manga ITA;https://t.me/+sd2bmecF849hZjRk
Shadows House Manga ITA;https://t.me/+dujo1fV9gf1lNDAx
Slime Sub Ita Riserva 2;https://t.me/+0fvKkNnQ9BplOGI0
Solo Leveling Manga ITA;https://t.me/+0MpwqbUChnBmZWIx
Solo Leveling Manga ITA;https://t.me/+DfaTC6PrWoY0Y2Jh
Solo Leveling Momentaneo;https://t.me/+c4kRSYq4eftjZWY0
Solo Leveling SUB ITA üáÆüáπ;https://t.me/+4QaDy14DFo1jZDE0
Solo Leveling;https://t.me/+YN2e3zaIq4thMjU0
Soul Eater Manga ITA;https://t.me/+ZGVPWx5ZattjMGM0
Spy x Family Manga ITA;https://t.me/+Tt2Qia9gd_Q0MDMy
Studio Apartment, Good Lighting, Angel Included Momentaneo;https://t.me/+FgdszXuM1pBmMGJk
Suzuka WickedManga;https://t.me/+DWZKdL9VmEM5Yjk0
Takarajima (ITA) WickedAnime;https://t.me/+PWJ5Mythn_k1YmZk
Tales of Demons and Gods Manga ITA;https://t.me/+U7EHAbynjnkzZmI5
Tenkuu Shinpan Manga ITA;https://t.me/+0loI_x05Bb1kZGJh
The Banished Former Hero Lives as He Pleases Momentaneo;https://t.me/+5aH9kV7ckAI2ZTk0
The Beast Tamer Momentaneo;https://t.me/+7SRi13d36W04NzI0
The Demon Prince of Momochi House Momentaneo;https://t.me/+izWf3M6l__UzMzk0
The Demon Prince of Momochi House Momentaneo;https://t.me/+lETQBQax3TFkZGZk
The Great Cleric RISERVA;https://t.me/+auQdCSbLrNUzMjA0
The Promised Neverland Manga ITA;https://t.me/+XmBjK30gaNE5Nzk0
The Unwanted Undead Adventurer Momentaneo;https://t.me/+bIC6RDF9dokyZjY0
The Weakest Tamer Began a Journey to Pick Up Trash Momentaneo;https://t.me/+K4MZtlajFQw3YTY0
The World is Still Beautiful Manga ITA;https://t.me/+_ncB8BTUAY0xZjVl
To Your Eternity SUB ITA üáÆüáπ;https://t.me/+Enka7_42FC43YTdk
Tokyo Ghoul Manga ITA;https://t.me/+gOQgHnpZth0zNzZh
Tokyo Ghoul: Re Manga ITA;https://t.me/+Zd4WIhkOnK5lNTZl
Tokyo Revengers Manga ITA;https://t.me/+fTQJIiuHc_Q4YWU1
Tokyo Revengers Momentaneo;https://t.me/+R5UcyJvCKWZlNGQ8
Tokyo Revengers Momentaneo;https://t.me/+qPOMSWiigvs2N2Zk
Tomie Manga ITA;https://t.me/+XyRANYeboO4xNWM0
Tonikaku Kawaii Manga ITA;https://t.me/+eflgGjRdo11iNjI0
Train to the End of the World Momentaneo;https://t.me/+Ay6AlRMJbyVlOGRk
Undead Unluck ITA;https://t.me/+meEKoRUsLKQ0Y2E1
Undead Unluck SUB ITA üáÆüáπ;https://t.me/+Rwu1OVRqVOMyNzg0
Unnamed Memory Momentaneo;https://t.me/+cDeD2nX6CJtkZmU8
Vinland Saga Manga ITA;https://t.me/+xJEh_NJyN9A5ZDI1
Vinland Saga SUB ITA üáÆüáπ;https://t.me/+NvitUqdNewo4ZTE8
Voci e altre storie Manga ITA;https://t.me/+Esdm_wxpQxEwNWQx
WADLogs;https://t.me/+194g0cMpFHRjZDU8
Wandering Emanon Manga ITA;https://t.me/+uRN5kjogdaFlNWQ0
Warau Kangofu;https://t.me/+qesD2K1tC29iZTI8
Watashi ga Motenai no wa dou Kangaete mo Omaera ga Warui Manga ITA;https://t.me/+l8O9kzUUTsllYmRk
Wicked Anime Riserva;https://t.me/+4Q8keLGVlRgzYWZk
Wicked Anime üë∫;https://t.me/+0h5oik0fp6VhNmZh
WickedFilms üé¨üçø;https://t.me/+d8fvVUGJOfgyM2Zk
Wind Breaker Manga ITA;https://t.me/+A9n2bR_5tddmZDUx
Wind Breaker Momentaneo;https://t.me/+eqO0xQjvw45kNmY0
Wind Breaker SUB ITA üáÆüáπ;https://t.me/+memoiF5C_EsyOWI0
World‚Äôs End Harem Manga ITA;https://t.me/+SOZM9sHy9KBjZjQx
World‚Äôs End Harem SUB ITA üáÆüáπ;https://t.me/+6lcivWjh3L82Mjk8
Yarichin Bitch Club Manga ITA;https://t.me/+T6LRXlyMwe0wNWNk
Your Lie in April Manga ITA;https://t.me/+eqVkwCyYByI1ZTA1
ZOM 100 SUB ITA üáÆüáπ;https://t.me/+oU_YtIf4rZEzYWNk
one piece ita bd;https://t.me/+8jzJMoi8sj84ZGE0
one piece ita riserva;https://t.me/+eyMOmDa9lyZiODg8
sao ita bd;https://t.me/+T5w2mTPoeeY0YmE0
sao sub bd;https://t.me/+Y11U3Ph5e2RjMTk0
√à un po' magia per Terry e Maggie;https://t.me/+x_Apq7NoumFiNzJk
üîç;https://t.me/+9yDVRZ0Dr8VlMmM1
üîû Wicked H3ntai;https://t.me/+PJ5GOtNmFHdmZmU0
